lmx0,lmx1,lmx2,lmx3,lmx4,lmx5,lmx6,lmx7,lmx8,lmx9,lmx10,lmx11,lmx12,lmx13,lmx14,lmx15,lmx16,lmx17,lmx18,lmx19,lmx20,lmy0,lmy1,lmy2,lmy3,lmy4,lmy5,lmy6,lmy7,lmy8,lmy9,lmy10,lmy11,lmy12,lmy13,lmy14,lmy15,lmy16,lmy17,lmy18,lmy19,lmy20,lmz0,lmz1,lmz2,lmz3,lmz4,lmz5,lmz6,lmz7,lmz8,lmz9,lmz10,lmz11,lmz12,lmz13,lmz14,lmz15,lmz16,lmz17,lmz18,lmz19,lmz20
0.0,0.0,0.0,0.0,0.0,0.0,0.0,0.0,0.0,0.0,0.0,0.0,0.0,0.0,0.0,0.0,0.0,0.0,0.0,0.0,0.0,0.0,0.0,0.0,0.0,0.0,0.0,0.0,0.0,0.0,0.0,0.0,0.0,0.0,0.0,0.0,0.0,0.0,0.0,0.0,0.0,0.0,0.0,0.0,0.0,0.0,0.0,0.0,0.0,0.0,0.0,0.0,0.0,0.0,0.0,0.0,0.0,0.0,0.0,0.0,0.0,0.0,0.0
0.0,0.0,0.0,0.0,0.0,0.0,0.0,0.0,0.0,0.0,0.0,0.0,0.0,0.0,0.0,0.0,0.0,0.0,0.0,0.0,0.0,0.0,0.0,0.0,0.0,0.0,0.0,0.0,0.0,0.0,0.0,0.0,0.0,0.0,0.0,0.0,0.0,0.0,0.0,0.0,0.0,0.0,0.0,0.0,0.0,0.0,0.0,0.0,0.0,0.0,0.0,0.0,0.0,0.0,0.0,0.0,0.0,0.0,0.0,0.0,0.0,0.0,0.0
0.0,0.0,0.0,0.0,0.0,0.0,0.0,0.0,0.0,0.0,0.0,0.0,0.0,0.0,0.0,0.0,0.0,0.0,0.0,0.0,0.0,0.0,0.0,0.0,0.0,0.0,0.0,0.0,0.0,0.0,0.0,0.0,0.0,0.0,0.0,0.0,0.0,0.0,0.0,0.0,0.0,0.0,0.0,0.0,0.0,0.0,0.0,0.0,0.0,0.0,0.0,0.0,0.0,0.0,0.0,0.0,0.0,0.0,0.0,0.0,0.0,0.0,0.0
0.0,0.0,0.0,0.0,0.0,0.0,0.0,0.0,0.0,0.0,0.0,0.0,0.0,0.0,0.0,0.0,0.0,0.0,0.0,0.0,0.0,0.0,0.0,0.0,0.0,0.0,0.0,0.0,0.0,0.0,0.0,0.0,0.0,0.0,0.0,0.0,0.0,0.0,0.0,0.0,0.0,0.0,0.0,0.0,0.0,0.0,0.0,0.0,0.0,0.0,0.0,0.0,0.0,0.0,0.0,0.0,0.0,0.0,0.0,0.0,0.0,0.0,0.0
0.0,0.0,0.0,0.0,0.0,0.0,0.0,0.0,0.0,0.0,0.0,0.0,0.0,0.0,0.0,0.0,0.0,0.0,0.0,0.0,0.0,0.0,0.0,0.0,0.0,0.0,0.0,0.0,0.0,0.0,0.0,0.0,0.0,0.0,0.0,0.0,0.0,0.0,0.0,0.0,0.0,0.0,0.0,0.0,0.0,0.0,0.0,0.0,0.0,0.0,0.0,0.0,0.0,0.0,0.0,0.0,0.0,0.0,0.0,0.0,0.0,0.0,0.0
0.0,0.0,0.0,0.0,0.0,0.0,0.0,0.0,0.0,0.0,0.0,0.0,0.0,0.0,0.0,0.0,0.0,0.0,0.0,0.0,0.0,0.0,0.0,0.0,0.0,0.0,0.0,0.0,0.0,0.0,0.0,0.0,0.0,0.0,0.0,0.0,0.0,0.0,0.0,0.0,0.0,0.0,0.0,0.0,0.0,0.0,0.0,0.0,0.0,0.0,0.0,0.0,0.0,0.0,0.0,0.0,0.0,0.0,0.0,0.0,0.0,0.0,0.0
0.0,0.0,0.0,0.0,0.0,0.0,0.0,0.0,0.0,0.0,0.0,0.0,0.0,0.0,0.0,0.0,0.0,0.0,0.0,0.0,0.0,0.0,0.0,0.0,0.0,0.0,0.0,0.0,0.0,0.0,0.0,0.0,0.0,0.0,0.0,0.0,0.0,0.0,0.0,0.0,0.0,0.0,0.0,0.0,0.0,0.0,0.0,0.0,0.0,0.0,0.0,0.0,0.0,0.0,0.0,0.0,0.0,0.0,0.0,0.0,0.0,0.0,0.0
0.0,0.0,0.0,0.0,0.0,0.0,0.0,0.0,0.0,0.0,0.0,0.0,0.0,0.0,0.0,0.0,0.0,0.0,0.0,0.0,0.0,0.0,0.0,0.0,0.0,0.0,0.0,0.0,0.0,0.0,0.0,0.0,0.0,0.0,0.0,0.0,0.0,0.0,0.0,0.0,0.0,0.0,0.0,0.0,0.0,0.0,0.0,0.0,0.0,0.0,0.0,0.0,0.0,0.0,0.0,0.0,0.0,0.0,0.0,0.0,0.0,0.0,0.0
0.0,0.0,0.0,0.0,0.0,0.0,0.0,0.0,0.0,0.0,0.0,0.0,0.0,0.0,0.0,0.0,0.0,0.0,0.0,0.0,0.0,0.0,0.0,0.0,0.0,0.0,0.0,0.0,0.0,0.0,0.0,0.0,0.0,0.0,0.0,0.0,0.0,0.0,0.0,0.0,0.0,0.0,0.0,0.0,0.0,0.0,0.0,0.0,0.0,0.0,0.0,0.0,0.0,0.0,0.0,0.0,0.0,0.0,0.0,0.0,0.0,0.0,0.0
0.0,0.0,0.0,0.0,0.0,0.0,0.0,0.0,0.0,0.0,0.0,0.0,0.0,0.0,0.0,0.0,0.0,0.0,0.0,0.0,0.0,0.0,0.0,0.0,0.0,0.0,0.0,0.0,0.0,0.0,0.0,0.0,0.0,0.0,0.0,0.0,0.0,0.0,0.0,0.0,0.0,0.0,0.0,0.0,0.0,0.0,0.0,0.0,0.0,0.0,0.0,0.0,0.0,0.0,0.0,0.0,0.0,0.0,0.0,0.0,0.0,0.0,0.0
0.0,0.0,0.0,0.0,0.0,0.0,0.0,0.0,0.0,0.0,0.0,0.0,0.0,0.0,0.0,0.0,0.0,0.0,0.0,0.0,0.0,0.0,0.0,0.0,0.0,0.0,0.0,0.0,0.0,0.0,0.0,0.0,0.0,0.0,0.0,0.0,0.0,0.0,0.0,0.0,0.0,0.0,0.0,0.0,0.0,0.0,0.0,0.0,0.0,0.0,0.0,0.0,0.0,0.0,0.0,0.0,0.0,0.0,0.0,0.0,0.0,0.0,0.0
0.0,0.0,0.0,0.0,0.0,0.0,0.0,0.0,0.0,0.0,0.0,0.0,0.0,0.0,0.0,0.0,0.0,0.0,0.0,0.0,0.0,0.0,0.0,0.0,0.0,0.0,0.0,0.0,0.0,0.0,0.0,0.0,0.0,0.0,0.0,0.0,0.0,0.0,0.0,0.0,0.0,0.0,0.0,0.0,0.0,0.0,0.0,0.0,0.0,0.0,0.0,0.0,0.0,0.0,0.0,0.0,0.0,0.0,0.0,0.0,0.0,0.0,0.0
0.0,0.0,0.0,0.0,0.0,0.0,0.0,0.0,0.0,0.0,0.0,0.0,0.0,0.0,0.0,0.0,0.0,0.0,0.0,0.0,0.0,0.0,0.0,0.0,0.0,0.0,0.0,0.0,0.0,0.0,0.0,0.0,0.0,0.0,0.0,0.0,0.0,0.0,0.0,0.0,0.0,0.0,0.0,0.0,0.0,0.0,0.0,0.0,0.0,0.0,0.0,0.0,0.0,0.0,0.0,0.0,0.0,0.0,0.0,0.0,0.0,0.0,0.0
0.0,0.0,0.0,0.0,0.0,0.0,0.0,0.0,0.0,0.0,0.0,0.0,0.0,0.0,0.0,0.0,0.0,0.0,0.0,0.0,0.0,0.0,0.0,0.0,0.0,0.0,0.0,0.0,0.0,0.0,0.0,0.0,0.0,0.0,0.0,0.0,0.0,0.0,0.0,0.0,0.0,0.0,0.0,0.0,0.0,0.0,0.0,0.0,0.0,0.0,0.0,0.0,0.0,0.0,0.0,0.0,0.0,0.0,0.0,0.0,0.0,0.0,0.0
0.0,0.0,0.0,0.0,0.0,0.0,0.0,0.0,0.0,0.0,0.0,0.0,0.0,0.0,0.0,0.0,0.0,0.0,0.0,0.0,0.0,0.0,0.0,0.0,0.0,0.0,0.0,0.0,0.0,0.0,0.0,0.0,0.0,0.0,0.0,0.0,0.0,0.0,0.0,0.0,0.0,0.0,0.0,0.0,0.0,0.0,0.0,0.0,0.0,0.0,0.0,0.0,0.0,0.0,0.0,0.0,0.0,0.0,0.0,0.0,0.0,0.0,0.0
0.0,0.0,0.0,0.0,0.0,0.0,0.0,0.0,0.0,0.0,0.0,0.0,0.0,0.0,0.0,0.0,0.0,0.0,0.0,0.0,0.0,0.0,0.0,0.0,0.0,0.0,0.0,0.0,0.0,0.0,0.0,0.0,0.0,0.0,0.0,0.0,0.0,0.0,0.0,0.0,0.0,0.0,0.0,0.0,0.0,0.0,0.0,0.0,0.0,0.0,0.0,0.0,0.0,0.0,0.0,0.0,0.0,0.0,0.0,0.0,0.0,0.0,0.0
0.0,0.0,0.0,0.0,0.0,0.0,0.0,0.0,0.0,0.0,0.0,0.0,0.0,0.0,0.0,0.0,0.0,0.0,0.0,0.0,0.0,0.0,0.0,0.0,0.0,0.0,0.0,0.0,0.0,0.0,0.0,0.0,0.0,0.0,0.0,0.0,0.0,0.0,0.0,0.0,0.0,0.0,0.0,0.0,0.0,0.0,0.0,0.0,0.0,0.0,0.0,0.0,0.0,0.0,0.0,0.0,0.0,0.0,0.0,0.0,0.0,0.0,0.0
0.0,0.0,0.0,0.0,0.0,0.0,0.0,0.0,0.0,0.0,0.0,0.0,0.0,0.0,0.0,0.0,0.0,0.0,0.0,0.0,0.0,0.0,0.0,0.0,0.0,0.0,0.0,0.0,0.0,0.0,0.0,0.0,0.0,0.0,0.0,0.0,0.0,0.0,0.0,0.0,0.0,0.0,0.0,0.0,0.0,0.0,0.0,0.0,0.0,0.0,0.0,0.0,0.0,0.0,0.0,0.0,0.0,0.0,0.0,0.0,0.0,0.0,0.0
0.3955228328704834,0.3604593873023987,0.3449140787124634,0.34203243255615234,0.35575196146965027,0.37945497035980225,0.4034300148487091,0.3891380727291107,0.37754905223846436,0.4127277433872223,0.42638683319091797,0.4083116054534912,0.3964395821094513,0.4384831190109253,0.4404836893081665,0.4229230582714081,0.41285035014152527,0.4574119448661804,0.4512593150138855,0.436429500579834,0.4286450147628784,0.49246764183044434,0.4444001019001007,0.3745781183242798,0.31901758909225464,0.2828822433948517,0.39039596915245056,0.2918347418308258,0.2770814299583435,0.2897261083126068,0.4030502140522003,0.29619109630584717,0.2873842716217041,0.3077413737773895,0.41120457649230957,0.31824761629104614,0.3165958523750305,0.33514872193336487,0.4155854284763336,0.34711846709251404,0.3460841476917267,0.363000750541687,-1.0315971366026133e-07,-0.009953439235687256,-0.01959053799510002,-0.025871682912111282,-0.029645761474967003,-0.04180138185620308,-0.05664186552166939,-0.056925833225250244,-0.05237571522593498,-0.03988925740122795,-0.05205051600933075,-0.04624131694436073,-0.03921744227409363,-0.03659985214471817,-0.04233359172940254,-0.0309741348028183,-0.021585332229733467,-0.03358348459005356,-0.03449301794171333,-0.025400785729289055,-0.017706047743558884
0.4130702316761017,0.3786737024784088,0.361749529838562,0.3592780530452728,0.3703177869319916,0.39469024538993835,0.41959261894226074,0.40987804532051086,0.40170618891716003,0.4289903938770294,0.44567400217056274,0.4287945628166199,0.41702699661254883,0.45456624031066895,0.45928364992141724,0.44254565238952637,0.43422481417655945,0.4716409146785736,0.4662289023399353,0.45268145203590393,0.4469791054725647,0.48610690236091614,0.4402506351470947,0.37520408630371094,0.3198269307613373,0.2811655104160309,0.38630425930023193,0.2960244417190552,0.27798086404800415,0.2855236530303955,0.3978157043457031,0.29796797037124634,0.28990283608436584,0.3076334297657013,0.4064542055130005,0.3183007836341858,0.319955438375473,0.33897918462753296,0.41251564025878906,0.3479454517364502,0.3498399555683136,0.36702850461006165,-1.0500623659481789e-07,-0.011609232053160667,-0.022885844111442566,-0.030849553644657135,-0.03651255741715431,-0.041708655655384064,-0.0572165884077549,-0.05905650183558464,-0.05615944042801857,-0.03966652974486351,-0.05166483670473099,-0.04665589705109596,-0.040443748235702515,-0.03663814067840576,-0.04304836690425873,-0.03215058520436287,-0.023319831117987633,-0.034050121903419495,-0.03673778846859932,-0.028639379888772964,-0.021533189341425896
0.4249449372291565,0.39046797156333923,0.37601983547210693,0.378042995929718,0.39198845624923706,0.4103824198246002,0.4344136118888855,0.42506346106529236,0.41708484292030334,0.4435064196586609,0.4596269130706787,0.4427364766597748,0.43149906396865845,0.46796080470085144,0.4729083776473999,0.45628923177719116,0.44820359349250793,0.4847167730331421,0.47997722029685974,0.46588900685310364,0.45988842844963074,0.484647274017334,0.4386119842529297,0.3729594945907593,0.317342609167099,0.28252974152565,0.37768876552581787,0.29560866951942444,0.27816954255104065,0.2834528088569641,0.39008471369743347,0.2976666986942291,0.2911744713783264,0.30718591809272766,0.4007759690284729,0.31965190172195435,0.32249242067337036,0.3403684198856354,0.4101174473762512,0.3509746491909027,0.3515532612800598,0.3660140037536621,-1.0964582486394647e-07,-0.008671071380376816,-0.017347820103168488,-0.02312786504626274,-0.026812518015503883,-0.03592154383659363,-0.048675548285245895,-0.04917396605014801,-0.045983731746673584,-0.034901972860097885,-0.045216795057058334,-0.03948022797703743,-0.032670050859451294,-0.03276035189628601,-0.0381384938955307,-0.027443531900644302,-0.01854489929974079,-0.03081974945962429,-0.03228634595870972,-0.02426714450120926,-0.017192810773849487
0.4343258738517761,0.40059271454811096,0.38559436798095703,0.38807135820388794,0.4075331687927246,0.4217849671840668,0.445003479719162,0.43507322669029236,0.4282734990119934,0.4546127915382385,0.47183167934417725,0.45437270402908325,0.4439335763454437,0.47874337434768677,0.48472461104393005,0.4680335223674774,0.46105754375457764,0.49499908089637756,0.4908086955547333,0.4766504168510437,0.4713563621044159,0.48151469230651855,0.43397992849349976,0.3698176145553589,0.3151009678840637,0.2863382399082184,0.371577650308609,0.29213154315948486,0.2781795561313629,0.28577637672424316,0.3840145766735077,0.2922637462615967,0.28857505321502686,0.30729439854621887,0.3967289924621582,0.31804177165031433,0.3220256268978119,0.3411031663417816,0.4095447063446045,0.3532816469669342,0.35506564378738403,0.3702471852302551,-1.1111168873867427e-07,-0.007552455645054579,-0.016447069123387337,-0.02268245443701744,-0.02644156850874424,-0.032864201813936234,-0.04508056864142418,-0.04536433517932892,-0.04238712415099144,-0.032880883663892746,-0.043339285999536514,-0.03713827207684517,-0.029513483867049217,-0.03185827657580376,-0.03714554011821747,-0.025581419467926025,-0.015799131244421005,-0.031018627807497978,-0.03168501704931259,-0.02253291942179203,-0.014546167105436325
0.44131219387054443,0.4082789123058319,0.39414677023887634,0.3977130949497223,0.4165680408477783,0.42937320470809937,0.4546879529953003,0.4449750483036041,0.4379848539829254,0.46179065108299255,0.4806564450263977,0.46477872133255005,0.4552224576473236,0.4856327772140503,0.49221497774124146,0.4775072932243347,0.4715305268764496,0.501948893070221,0.499131977558136,0.48671233654022217,0.48255300521850586,0.48243480920791626,0.43465229868888855,0.3720684051513672,0.3191125988960266,0.29110515117645264,0.36403122544288635,0.28520989418029785,0.2812168598175049,0.29653847217559814,0.37685906887054443,0.28987282514572144,0.2933977246284485,0.3151744604110718,0.3916560411453247,0.3183647692203522,0.3275190591812134,0.34790095686912537,0.40689587593078613,0.35357967019081116,0.35900554060935974,0.3756956458091736,-1.651277159453457e-07,-0.004273921251296997,-0.011125256307423115,-0.016533881425857544,-0.019330652430653572,-0.025743629783391953,-0.0376749224960804,-0.03835613280534744,-0.03562169894576073,-0.02750163897871971,-0.0367182195186615,-0.031023254618048668,-0.023964865133166313,-0.02843889594078064,-0.03325177729129791,-0.021958790719509125,-0.012578446418046951,-0.029381321743130684,-0.029954588040709496,-0.02052387408912182,-0.012368294410407543
0.4456384479999542,0.4120461940765381,0.4008181691169739,0.409431129693985,0.4301087260246277,0.43690061569213867,0.4638926684856415,0.4511511027812958,0.4418809413909912,0.46915748715400696,0.48674243688583374,0.4688762426376343,0.45926639437675476,0.4925152063369751,0.49632903933525085,0.48092329502105713,0.4746756851673126,0.5080997943878174,0.5031439661979675,0.4904331862926483,0.48650914430618286,0.4825664162635803,0.43326547741889954,0.3679839074611664,0.31533804535865784,0.29445114731788635,0.3585905134677887,0.2799361050128937,0.28557315468788147,0.30619826912879944,0.372413694858551,0.2858668565750122,0.29575198888778687,0.3209589123725891,0.3882814645767212,0.3149119019508362,0.32765257358551025,0.35030046105384827,0.4041312336921692,0.3519137501716614,0.3591386079788208,0.37697288393974304,-2.2474657157545153e-07,-0.0034637651406228542,-0.008839567191898823,-0.012837329879403114,-0.014477523043751717,-0.025473611429333687,-0.036904048174619675,-0.037317294627428055,-0.034614451229572296,-0.027176516130566597,-0.03552353009581566,-0.029119769111275673,-0.021791797131299973,-0.028000371530652046,-0.032162558287382126,-0.02079920843243599,-0.011703336611390114,-0.028769347816705704,-0.02920786291360855,-0.020157113671302795,-0.012613373808562756
0.4482276737689972,0.415714293718338,0.40566495060920715,0.4131017327308655,0.42951008677482605,0.44047412276268005,0.4670819640159607,0.4595925807952881,0.4514789879322052,0.4724923372268677,0.48999640345573425,0.47440841794013977,0.4639631509780884,0.49560976028442383,0.4992378056049347,0.48408064246177673,0.4768845736980438,0.510898232460022,0.5060567855834961,0.49332186579704285,0.48828190565109253,0.48025476932525635,0.43071210384368896,0.37034299969673157,0.3210550546646118,0.2962905466556549,0.35935768485069275,0.28384849429130554,0.27336710691452026,0.28205984830856323,0.37222370505332947,0.28652340173721313,0.2893596887588501,0.30983445048332214,0.3876614272594452,0.31590670347213745,0.32553207874298096,0.3464144468307495,0.40276384353637695,0.35078322887420654,0.3562702536582947,0.37313345074653625,-1.6611548403488996e-07,-0.0033184438943862915,-0.008919630199670792,-0.01323328074067831,-0.015823066234588623,-0.025885343551635742,-0.03756294026970863,-0.038416787981987,-0.03575371950864792,-0.027704181149601936,-0.03572877496480942,-0.02938724122941494,-0.0221959687769413,-0.02855229377746582,-0.032909225672483444,-0.02190340869128704,-0.012920835986733437,-0.02935391291975975,-0.030160492286086082,-0.021265242248773575,-0.013573683798313141
0.450676828622818,0.4176510274410248,0.40927374362945557,0.4172540009021759,0.42942166328430176,0.44393253326416016,0.46755000948905945,0.45972368121147156,0.453279972076416,0.4754685163497925,0.49094659090042114,0.4767717123031616,0.46796712279319763,0.49779945611953735,0.5019185543060303,0.4877481758594513,0.4811987280845642,0.5122284889221191,0.5077851414680481,0.4957379698753357,0.4909876585006714,0.47719332575798035,0.42856431007385254,0.37254661321640015,0.32670527696609497,0.2994917333126068,0.3544965088367462,0.280141681432724,0.2747085690498352,0.28697434067726135,0.3674686849117279,0.28548863530158997,0.2886318564414978,0.30781859159469604,0.3835639953613281,0.31489434838294983,0.32361143827438354,0.3435951769351959,0.39902442693710327,0.3503224849700928,0.3557588458061218,0.37206193804740906,-1.7391862172644323e-07,-0.0024929882492870092,-0.007169776596128941,-0.010726913809776306,-0.01249514240771532,-0.02296791411936283,-0.032245881855487823,-0.032165199518203735,-0.029375754296779633,-0.02457658387720585,-0.030105849727988243,-0.024013398215174675,-0.017928799614310265,-0.025161821395158768,-0.027873652055859566,-0.017598487436771393,-0.00990663468837738,-0.025638749822974205,-0.02607646770775318,-0.017882728949189186,-0.011015046387910843
0.45078834891319275,0.41816163063049316,0.4112519323825836,0.4201771020889282,0.430296391248703,0.4472741484642029,0.46997004747390747,0.4598219394683838,0.45241543650627136,0.47804415225982666,0.491320937871933,0.47500935196876526,0.46585768461227417,0.49937373399734497,0.503142237663269,0.4886247515678406,0.4821763038635254,0.5130642652511597,0.5084376335144043,0.4963439702987671,0.49200180172920227,0.4753372073173523,0.4270980954170227,0.37113508582115173,0.3272380530834198,0.300873339176178,0.3514794707298279,0.27763307094573975,0.27371522784233093,0.2885605990886688,0.36571502685546875,0.28536200523376465,0.29000312089920044,0.3106100261211395,0.3827665448188782,0.31512272357940674,0.323846697807312,0.34467947483062744,0.3987639248371124,0.35286426544189453,0.3581053912639618,0.37435007095336914,-2.0039119874581957e-07,-0.0017850924050435424,-0.005416037514805794,-0.007777697406709194,-0.008382490836083889,-0.023228853940963745,-0.03170933574438095,-0.030865926295518875,-0.027610555291175842,-0.024620600044727325,-0.030042991042137146,-0.023236779496073723,-0.016599824652075768,-0.024858128279447556,-0.027582474052906036,-0.017293650656938553,-0.009588804095983505,-0.024865934625267982,-0.02568197250366211,-0.01805916428565979,-0.011530399322509766
0.45223045349121094,0.41900283098220825,0.41230079531669617,0.42286789417266846,0.43502017855644226,0.44905710220336914,0.46885421872138977,0.4568098187446594,0.45043909549713135,0.479723185300827,0.49171340465545654,0.4742565155029297,0.4658406972885132,0.5005297660827637,0.5034604072570801,0.4886223077774048,0.48312538862228394,0.5135498046875,0.508190393447876,0.4962480366230011,0.4927665591239929,0.47229623794555664,0.42439523339271545,0.3688531219959259,0.3244447112083435,0.2991088330745697,0.3497139513492584,0.2743585407733917,0.2775712013244629,0.2967008054256439,0.3640364408493042,0.2820499837398529,0.2902795970439911,0.3128126263618469,0.3811137080192566,0.3132030963897705,0.3229424059391022,0.3440086841583252,0.39742499589920044,0.35015028715133667,0.35562872886657715,0.37237057089805603,-2.3362994738818088e-07,-0.0019311807118356228,-0.0058177015744149685,-0.008256545290350914,-0.00876032467931509,-0.024584846571087837,-0.03246081992983818,-0.03090784326195717,-0.027578068897128105,-0.025897907093167305,-0.03149036690592766,-0.024355575442314148,-0.017499761655926704,-0.025924665853381157,-0.028660498559474945,-0.017994165420532227,-0.010096904821693897,-0.025666844099760056,-0.02600743994116783,-0.017882518470287323,-0.011208814568817616
0.4518659710884094,0.41950157284736633,0.41264355182647705,0.42346614599227905,0.43647652864456177,0.447915256023407,0.466142475605011,0.4562598168849945,0.4515080451965332,0.47812438011169434,0.49158310890197754,0.47580602765083313,0.467511922121048,0.4990788400173187,0.5034438967704773,0.48894667625427246,0.48316413164138794,0.5125396847724915,0.5082850456237793,0.49672049283981323,0.4930711090564728,0.4727265536785126,0.4246116876602173,0.3688173294067383,0.32431694865226746,0.29941532015800476,0.3514558672904968,0.275627464056015,0.277902752161026,0.2959643006324768,0.3647036850452423,0.2810768485069275,0.2879984378814697,0.30986928939819336,0.380708247423172,0.31182801723480225,0.3210108280181885,0.34144845604896545,0.39648425579071045,0.34932589530944824,0.35418426990509033,0.37017256021499634,-2.1834011931787245e-07,-0.0018791555194184184,-0.00569169083610177,-0.008215981535613537,-0.008865726180374622,-0.023577623069286346,-0.03152475878596306,-0.030057325959205627,-0.02679719217121601,-0.025203516706824303,-0.031271643936634064,-0.024623211473226547,-0.017801059409976006,-0.02557559311389923,-0.028709955513477325,-0.0182095505297184,-0.010117980651557446,-0.025722183287143707,-0.026161905378103256,-0.017968187108635902,-0.01111452654004097
0.45114803314208984,0.4193568527698517,0.4133850336074829,0.42427846789360046,0.4372957944869995,0.4481106102466583,0.466420978307724,0.453702837228775,0.4486219882965088,0.477827787399292,0.49051183462142944,0.4739806056022644,0.46639344096183777,0.49841102957725525,0.5026637315750122,0.4885742664337158,0.4833863377571106,0.5116720795631409,0.5076466798782349,0.49626588821411133,0.49292850494384766,0.472438246011734,0.4235017001628876,0.3684040606021881,0.32410648465156555,0.29837334156036377,0.35150980949401855,0.2740671634674072,0.28385937213897705,0.30675432085990906,0.3652307987213135,0.2814108729362488,0.2905294597148895,0.31374725699424744,0.3810872733592987,0.3115288317203522,0.32128092646598816,0.3423941135406494,0.3963282108306885,0.34798651933670044,0.3533879816532135,0.36998796463012695,-2.4450790192531713e-07,-0.002416556002572179,-0.00701662665233016,-0.010266182012856007,-0.011229404248297215,-0.024972541257739067,-0.03324870392680168,-0.03186582028865814,-0.028739092871546745,-0.026383310556411743,-0.03227635473012924,-0.02540457248687744,-0.0189044252038002,-0.026591064408421516,-0.0291795302182436,-0.01815144345164299,-0.010206351056694984,-0.02667579986155033,-0.026767896488308907,-0.018308915197849274,-0.011568102985620499
0.4499095678329468,0.41935813426971436,0.4140845835208893,0.424553781747818,0.436760276556015,0.4466104805469513,0.4648020267486572,0.4516576826572418,0.44650882482528687,0.4759006202220917,0.48907265067100525,0.47306618094444275,0.4660468101501465,0.4962567985057831,0.5007158517837524,0.4871014356613159,0.48246899247169495,0.509429395198822,0.5061864852905273,0.4951961934566498,0.49202805757522583,0.47226595878601074,0.4222758114337921,0.3688490688800812,0.32605355978012085,0.297941118478775,0.3526820242404938,0.27405768632888794,0.28653860092163086,0.3108687400817871,0.3657204210758209,0.2815903127193451,0.291787713766098,0.3154504895210266,0.3813443183898926,0.31159186363220215,0.3220035433769226,0.34322208166122437,0.3968678414821625,0.34693974256515503,0.35261061787605286,0.3696717321872711,-2.3805556281786266e-07,-0.002783617004752159,-0.00829366222023964,-0.012760798446834087,-0.014805843122303486,-0.02427934668958187,-0.033652886748313904,-0.03348689153790474,-0.031081916764378548,-0.02622104622423649,-0.032727498561143875,-0.02706841565668583,-0.02139502391219139,-0.027126353234052658,-0.029883330687880516,-0.018986646085977554,-0.011179755441844463,-0.028011931106448174,-0.02782885916531086,-0.018659237772226334,-0.011437577195465565
0.4492257237434387,0.4185638427734375,0.4146934449672699,0.4295464754104614,0.4454284906387329,0.4468810558319092,0.4638441503047943,0.4506949782371521,0.44602128863334656,0.4758490025997162,0.4872438609600067,0.47151312232017517,0.46556273102760315,0.4958035349845886,0.4987926483154297,0.4854030907154083,0.48142650723457336,0.5087690949440002,0.5045931339263916,0.4938372075557709,0.49123403429985046,0.4723908603191376,0.4205072224140167,0.36466649174690247,0.3201393485069275,0.2919890284538269,0.3508235216140747,0.27280479669570923,0.2884502410888672,0.3145652711391449,0.3643845021724701,0.2821739614009857,0.29404065012931824,0.318704217672348,0.3806499242782593,0.3124401569366455,0.32365041971206665,0.3456448018550873,0.39631327986717224,0.34677428007125854,0.353270947933197,0.370744913816452,-2.4437173351543606e-07,-0.004139747004956007,-0.010556991212069988,-0.015838483348488808,-0.018801135942339897,-0.02529308944940567,-0.034891705960035324,-0.035480570048093796,-0.03386330604553223,-0.026990609243512154,-0.032778531312942505,-0.02777172066271305,-0.023177940398454666,-0.027780339121818542,-0.030304713174700737,-0.02017572522163391,-0.013458650559186935,-0.02866475284099579,-0.028919773176312447,-0.02027014084160328,-0.013665086589753628
0.44786444306373596,0.4174637198448181,0.41405487060546875,0.43016958236694336,0.44696101546287537,0.4420723617076874,0.4606546461582184,0.44911840558052063,0.4430215656757355,0.471498966217041,0.4838580787181854,0.4701486825942993,0.4641219973564148,0.4924989640712738,0.49619153141975403,0.4840278923511505,0.4800111651420593,0.5069491863250732,0.503730833530426,0.4938413202762604,0.4913789629936218,0.47132357954978943,0.417733371257782,0.3616655468940735,0.32160505652427673,0.2986201345920563,0.34728455543518066,0.27128735184669495,0.29016491770744324,0.3174671530723572,0.36024919152259827,0.2798917889595032,0.2954486906528473,0.32102975249290466,0.3769756853580475,0.3122025728225708,0.32562944293022156,0.3476558327674866,0.394523561000824,0.34740325808525085,0.35439619421958923,0.371917188167572,-2.490509984909295e-07,-0.0016664346912875772,-0.006250595208257437,-0.010353578254580498,-0.01224727462977171,-0.021916387602686882,-0.03122282586991787,-0.03165918588638306,-0.02976207621395588,-0.024900119751691818,-0.031185336410999298,-0.026561791077256203,-0.02164774388074875,-0.0268600732088089,-0.02947702817618847,-0.019503770396113396,-0.01247501838952303,-0.02875126153230667,-0.028499022126197815,-0.019337594509124756,-0.012164988555014133
0.44775137305259705,0.41724520921707153,0.4142554700374603,0.4298403263092041,0.4456823170185089,0.4422130882740021,0.4603501260280609,0.44965824484825134,0.44464316964149475,0.4710811674594879,0.484377384185791,0.4706048369407654,0.46405351161956787,0.49151837825775146,0.4965990483760834,0.48451343178749084,0.48020613193511963,0.5052257776260376,0.5025539994239807,0.4926184117794037,0.4899645745754242,0.4701686501502991,0.41763725876808167,0.36322107911109924,0.32348716259002686,0.30115488171577454,0.34750664234161377,0.2711540758609772,0.2880611717700958,0.3141339123249054,0.3598409593105316,0.28025391697883606,0.2944740056991577,0.31921395659446716,0.3759901523590088,0.31103232502937317,0.32271525263786316,0.3438035845756531,0.39292600750923157,0.3462240695953369,0.35208630561828613,0.36842793226242065,-2.3652104630400572e-07,-0.0007373932749032974,-0.005060944240540266,-0.008808447048068047,-0.010451801121234894,-0.02328622341156006,-0.03149555251002312,-0.03066260926425457,-0.027941444888710976,-0.026108363643288612,-0.0311972014605999,-0.02507985383272171,-0.01933516561985016,-0.02764395996928215,-0.028957104310393333,-0.0183463953435421,-0.011201184242963791,-0.02899765409529209,-0.027491804212331772,-0.018030911684036255,-0.010905284434556961
0.4477468430995941,0.41739562153816223,0.4141201972961426,0.42891639471054077,0.4444870948791504,0.44063588976860046,0.4598807990550995,0.4498288631439209,0.4447133243083954,0.4700727164745331,0.48322364687919617,0.4699194133281708,0.4633401334285736,0.4910570979118347,0.4956105649471283,0.4839426577091217,0.47963571548461914,0.5052837133407593,0.5016260147094727,0.4919477701187134,0.4895610213279724,0.4695647060871124,0.4183904826641083,0.36518844962120056,0.3273869752883911,0.3068082630634308,0.34635618329048157,0.27043330669403076,0.287561297416687,0.31328314542770386,0.35838237404823303,0.279672235250473,0.2949281334877014,0.31985723972320557,0.37446534633636475,0.310488224029541,0.32306763529777527,0.3444357216358185,0.3913440406322479,0.34644874930381775,0.35307079553604126,0.36930227279663086,-2.3663818637942313e-07,-0.00015788825112394989,-0.004221037495881319,-0.00783718191087246,-0.009470921941101551,-0.022776629775762558,-0.031006833538413048,-0.03025813400745392,-0.027593733742833138,-0.025849493220448494,-0.030870134010910988,-0.02481682226061821,-0.019095849245786667,-0.027624260634183884,-0.028812220320105553,-0.01842331886291504,-0.011463071219623089,-0.029174502938985825,-0.027656227350234985,-0.01843894086778164,-0.011500411666929722
0.44651660323143005,0.4166627526283264,0.41369497776031494,0.42893674969673157,0.44650062918663025,0.4393764138221741,0.45992767810821533,0.45105770230293274,0.44518816471099854,0.4688449501991272,0.48246824741363525,0.46925318241119385,0.46198567748069763,0.49022388458251953,0.49493902921676636,0.4830881655216217,0.47823530435562134,0.5045788884162903,0.5014422535896301,0.4917896091938019,0.48901650309562683,0.4681645631790161,0.4173286557197571,0.3630125820636749,0.32642611861228943,0.30971458554267883,0.3426845669746399,0.2671070992946625,0.28138256072998047,0.305947870016098,0.35556653141975403,0.277792364358902,0.2922309935092926,0.3165428340435028,0.372908353805542,0.3093961477279663,0.32188183069229126,0.342879056930542,0.39107662439346313,0.3462240397930145,0.3527887165546417,0.36895719170570374,-2.284018023601675e-07,0.0015036333352327347,-0.0012502464232966304,-0.00393986701965332,-0.004914442542940378,-0.020438555628061295,-0.028645893558859825,-0.027908755466341972,-0.024985961616039276,-0.024121331050992012,-0.02927309460937977,-0.022959792986512184,-0.016718819737434387,-0.026531370356678963,-0.028142962604761124,-0.017742367461323738,-0.010343227535486221,-0.028542427346110344,-0.02696160040795803,-0.017430711537599564,-0.010011667385697365
0.4460851550102234,0.41720810532569885,0.41341736912727356,0.427756130695343,0.4461610019207001,0.4360741674900055,0.45838335156440735,0.45707568526268005,0.4529837369918823,0.4649641215801239,0.4800143241882324,0.47068896889686584,0.4623129963874817,0.48750436305999756,0.49235329031944275,0.4807772934436798,0.4744776785373688,0.5037283301353455,0.5009246468544006,0.49129751324653625,0.4875144064426422,0.467342734336853,0.4183826446533203,0.3632751703262329,0.3255491554737091,0.309087336063385,0.3412483334541321,0.26535511016845703,0.2526480555534363,0.25877243280410767,0.3527892529964447,0.27449363470077515,0.27195852994918823,0.2860966622829437,0.3701086938381195,0.30649447441101074,0.3162475824356079,0.33654239773750305,0.3886995017528534,0.3443862795829773,0.3503378927707672,0.36636263132095337,-9.45012317288274e-08,0.0020492987241595984,0.00010073570592794567,-0.0023159608244895935,-0.004144927952438593,-0.017230572178959846,-0.025517545640468597,-0.025943903252482414,-0.023539379239082336,-0.021299025043845177,-0.025323940441012383,-0.02045426331460476,-0.015588376671075821,-0.024151679128408432,-0.026448827236890793,-0.01791207492351532,-0.011349247768521309,-0.0266070906072855,-0.026411201804876328,-0.018238209187984467,-0.0113430330529809
0.443185955286026,0.41744986176490784,0.42260634899139404,0.44765740633010864,0.4702932834625244,0.43205663561820984,0.4477194547653198,0.4558953642845154,0.46262550354003906,0.46048691868782043,0.472501277923584,0.4777448773384094,0.4846705198287964,0.48538193106651306,0.49182769656181335,0.4801134169101715,0.47280317544937134,0.5038647651672363,0.5019900798797607,0.4917095899581909,0.4877226650714874,0.469894677400589,0.4173210859298706,0.36039772629737854,0.3240912854671478,0.3063417077064514,0.34322744607925415,0.2670571208000183,0.22570312023162842,0.19528381526470184,0.3537313640117645,0.2714121341705322,0.22719284892082214,0.19398948550224304,0.370239794254303,0.30133602023124695,0.31572920083999634,0.3389320969581604,0.3879603147506714,0.3408980369567871,0.3481224477291107,0.3646208643913269,2.609290561395028e-07,-0.004551449790596962,-0.01063938345760107,-0.016464773565530777,-0.021862421184778214,-0.024429872632026672,-0.0345875509083271,-0.03751694783568382,-0.03786608204245567,-0.02791489288210869,-0.03654874116182327,-0.03790227323770523,-0.037890683859586716,-0.030050475150346756,-0.04028385132551193,-0.03478219732642174,-0.02740800753235817,-0.03221864253282547,-0.0376804918050766,-0.030356455594301224,-0.02228657528758049
0.4418344795703888,0.4159691035747528,0.4244346618652344,0.45435088872909546,0.47994962334632874,0.43150922656059265,0.4458240866661072,0.455520361661911,0.4642166793346405,0.45957937836647034,0.47068578004837036,0.4791233241558075,0.48973292112350464,0.4841507077217102,0.4911434054374695,0.4792799651622772,0.4711458384990692,0.5027815699577332,0.5037172436714172,0.49213096499443054,0.48617491126060486,0.46725839376449585,0.4152876138687134,0.35733211040496826,0.3215429186820984,0.3024699091911316,0.3351864814758301,0.26051414012908936,0.21562737226486206,0.18065108358860016,0.3471812903881073,0.2632739245891571,0.20973002910614014,0.16705569624900818,0.36559122800827026,0.30397602915763855,0.3217502534389496,0.34616678953170776,0.38496994972229004,0.33887118101119995,0.34845399856567383,0.3667505979537964,3.615456591887778e-07,-0.0068663679994642735,-0.01446727104485035,-0.021944118663668633,-0.028884222730994225,-0.025052223354578018,-0.03900167718529701,-0.04544250667095184,-0.04774884879589081,-0.0292991790920496,-0.04214705526828766,-0.047169722616672516,-0.048999302089214325,-0.03271210938692093,-0.048572566360235214,-0.04558354988694191,-0.0378636009991169,-0.03621962293982506,-0.04455883428454399,-0.037382207810878754,-0.02851889841258526
0.4400942623615265,0.41602522134780884,0.42547422647476196,0.45458146929740906,0.47888004779815674,0.4304763078689575,0.44563308358192444,0.4556952714920044,0.46467408537864685,0.45791247487068176,0.4709480106830597,0.47957950830459595,0.49021846055984497,0.48261651396751404,0.492110013961792,0.48010098934173584,0.47188058495521545,0.5018572211265564,0.503491997718811,0.49174633622169495,0.48578235507011414,0.467720091342926,0.4141499996185303,0.3558789789676666,0.3214499354362488,0.3021273910999298,0.33295831084251404,0.25496408343315125,0.2087518721818924,0.17275409400463104,0.34483543038368225,0.2569357752799988,0.20287998020648956,0.15972457826137543,0.36371326446533203,0.2975574731826782,0.31788185238838196,0.3432793915271759,0.38423794507980347,0.33594897389411926,0.3467470109462738,0.36513954401016235,3.7676869624192477e-07,-0.006565346382558346,-0.0142568564042449,-0.02237647771835327,-0.030067216604948044,-0.023906171321868896,-0.03903334215283394,-0.04600924625992775,-0.048504218459129333,-0.029193084686994553,-0.04360504820942879,-0.0494828075170517,-0.05143412575125694,-0.03378590568900108,-0.05193974822759628,-0.049246106296777725,-0.0409710593521595,-0.038403719663619995,-0.04847387969493866,-0.04131719097495079,-0.03201035410165787
0.4383625090122223,0.41572803258895874,0.4274090826511383,0.4582708477973938,0.48270100355148315,0.4283897578716278,0.44332370162010193,0.45288515090942383,0.4616509974002838,0.45660361647605896,0.4692269563674927,0.4786912202835083,0.48994240164756775,0.4822136461734772,0.4914897084236145,0.4790535569190979,0.4701277017593384,0.5025924444198608,0.5038921236991882,0.4913123846054077,0.48450782895088196,0.47231173515319824,0.4139277935028076,0.35443273186683655,0.3171370327472687,0.29479658603668213,0.33178406953811646,0.2561052739620209,0.21016202867031097,0.17357638478279114,0.34387490153312683,0.25924280285835266,0.20511437952518463,0.16161112487316132,0.3627466559410095,0.2981286346912384,0.31676429510116577,0.34127116203308105,0.3825569450855255,0.3334242105484009,0.34265363216400146,0.3610106110572815,3.458657715782465e-07,-0.0064001833088696,-0.013698440045118332,-0.02152377739548683,-0.028593149036169052,-0.02188001200556755,-0.036819346249103546,-0.04414355009794235,-0.04718814045190811,-0.027358923107385635,-0.04205859825015068,-0.04898148030042648,-0.0520930141210556,-0.03226911649107933,-0.05069274082779884,-0.049059540033340454,-0.041769202798604965,-0.03724665939807892,-0.04725048691034317,-0.0408756397664547,-0.032416533678770065
0.4374818503856659,0.41480740904808044,0.42539817094802856,0.45541465282440186,0.480983704328537,0.42473816871643066,0.4396338164806366,0.44929248094558716,0.4583309292793274,0.4530144929885864,0.46625638008117676,0.4763772189617157,0.487827330827713,0.47979047894477844,0.4904192090034485,0.47861018776893616,0.46936267614364624,0.5018724799156189,0.5037732124328613,0.491389662027359,0.4841208755970001,0.4739344120025635,0.4153219759464264,0.3552452027797699,0.31656432151794434,0.29408544301986694,0.3385695219039917,0.26006627082824707,0.2142505794763565,0.17787082493305206,0.35043400526046753,0.2630857229232788,0.20899394154548645,0.1657412052154541,0.3674945533275604,0.2960309386253357,0.31383898854255676,0.3389827013015747,0.3844090402126312,0.33094000816345215,0.3405359983444214,0.3602191209793091,3.33587991008244e-07,-0.006737478543072939,-0.014818410389125347,-0.023289229720830917,-0.030823664739727974,-0.02374384179711342,-0.038962140679359436,-0.04604214429855347,-0.04901362210512161,-0.029006799682974815,-0.04398375377058983,-0.05044202134013176,-0.05355479568243027,-0.033661432564258575,-0.05205546319484711,-0.04987865313887596,-0.042621076107025146,-0.03847471997141838,-0.049275968223810196,-0.04352329298853874,-0.03567890450358391
0.43734562397003174,0.41346901655197144,0.4222170412540436,0.4505639374256134,0.4759747087955475,0.4235861301422119,0.43767428398132324,0.44706282019615173,0.455896258354187,0.4516873061656952,0.4647670388221741,0.47394657135009766,0.484496146440506,0.4786240756511688,0.49095389246940613,0.4801459312438965,0.4714868664741516,0.5010381937026978,0.5046358108520508,0.49285364151000977,0.4857438802719116,0.4737268090248108,0.4165634214878082,0.35696735978126526,0.3183094561100006,0.29698342084884644,0.34450584650039673,0.26486265659332275,0.21940679848194122,0.18403956294059753,0.3551056385040283,0.2659851908683777,0.21302972733974457,0.1716785579919815,0.37031659483909607,0.2964344322681427,0.31140631437301636,0.33521386981010437,0.38558462262153625,0.330899715423584,0.3403502106666565,0.3606351613998413,3.2802748251015146e-07,-0.006602430250495672,-0.014923878014087677,-0.023307807743549347,-0.030887581408023834,-0.02647724375128746,-0.04146336764097214,-0.048143547028303146,-0.050848543643951416,-0.031420666724443436,-0.04593394696712494,-0.051783185452222824,-0.05458410829305649,-0.03540477156639099,-0.05274948477745056,-0.05019093677401543,-0.043179817497730255,-0.039463941007852554,-0.04969228804111481,-0.043571118265390396,-0.035673920065164566
0.43590810894966125,0.41225165128707886,0.4202692210674286,0.4479762315750122,0.4730510115623474,0.4217718243598938,0.4353248178958893,0.4442908465862274,0.45256489515304565,0.449722021818161,0.46295586228370667,0.471493661403656,0.481118768453598,0.4767499268054962,0.49083635210990906,0.4811473488807678,0.47303450107574463,0.49957695603370667,0.5059168338775635,0.494579553604126,0.48712262511253357,0.473921000957489,0.41873130202293396,0.3594859838485718,0.321013480424881,0.3000095784664154,0.3463917374610901,0.26683250069618225,0.2224084883928299,0.18766415119171143,0.3566058576107025,0.267502099275589,0.21667079627513885,0.17667073011398315,0.3719261884689331,0.2952200770378113,0.3121832311153412,0.33695754408836365,0.38779571652412415,0.3319145143032074,0.343281090259552,0.3647565245628357,3.129510446342465e-07,-0.006540767382830381,-0.014312206767499447,-0.02233063615858555,-0.029515232890844345,-0.024524733424186707,-0.0388370007276535,-0.04511120915412903,-0.0476377047598362,-0.029583318158984184,-0.04345845803618431,-0.048884108662605286,-0.05143843963742256,-0.03388748690485954,-0.05152668431401253,-0.048945385962724686,-0.04188236594200134,-0.03824038803577423,-0.049212176352739334,-0.04334072768688202,-0.035593997687101364
0.4342859983444214,0.4101381301879883,0.41655799746513367,0.44298696517944336,0.46740418672561646,0.41889649629592896,0.4333382248878479,0.4425041079521179,0.45101550221443176,0.4470900297164917,0.46076714992523193,0.4693264365196228,0.47885656356811523,0.47450047731399536,0.489258736371994,0.4801689088344574,0.4722037613391876,0.49789494276046753,0.5044385194778442,0.493226021528244,0.48558303713798523,0.47534364461898804,0.4182588756084442,0.35966941714286804,0.32357901334762573,0.3054076135158539,0.34569698572158813,0.2699211537837982,0.2274913191795349,0.19379305839538574,0.3565260171890259,0.27142134308815,0.22219961881637573,0.1830551028251648,0.37260502576828003,0.2970663607120514,0.31119439005851746,0.33432045578956604,0.3895268738269806,0.3335786461830139,0.3428392708301544,0.363627552986145,2.998692707478767e-07,-0.005340897012501955,-0.012571027502417564,-0.020271260291337967,-0.027396148070693016,-0.02352619171142578,-0.03731438145041466,-0.043991588056087494,-0.04712391644716263,-0.029051074758172035,-0.042058806866407394,-0.04778095707297325,-0.05100729689002037,-0.03367334604263306,-0.049663472920656204,-0.04733728617429733,-0.041176579892635345,-0.03834937512874603,-0.04832075908780098,-0.04256739094853401,-0.03522239252924919
0.43317702412605286,0.4088287353515625,0.4160007834434509,0.44412490725517273,0.4692237079143524,0.41628533601760864,0.42958512902259827,0.43864911794662476,0.4470379948616028,0.44502347707748413,0.4581345021724701,0.4662710726261139,0.47546276450157166,0.47297462821006775,0.4873499274253845,0.4780360758304596,0.47029009461402893,0.49661198258399963,0.5030463337898254,0.4918903410434723,0.4846222400665283,0.47834348678588867,0.4223058521747589,0.3631731867790222,0.32587194442749023,0.30607908964157104,0.3514334261417389,0.2746433615684509,0.23142898082733154,0.1970493197441101,0.361248642206192,0.27564167976379395,0.2259388566017151,0.1862504929304123,0.3755491077899933,0.2999708652496338,0.31430742144584656,0.3376981317996979,0.39014625549316406,0.3331849277019501,0.3430929183959961,0.3647836446762085,3.0668869044347957e-07,-0.0069269160740077496,-0.01460263505578041,-0.022507362067699432,-0.029627030715346336,-0.023969417437911034,-0.038023244589567184,-0.04469573497772217,-0.04772409051656723,-0.028802355751395226,-0.04242336377501488,-0.04827803745865822,-0.05139760300517082,-0.03300954028964043,-0.04996143653988838,-0.04801516979932785,-0.04173491150140762,-0.03739782050251961,-0.04781850799918175,-0.04234493523836136,-0.03513426333665848
0.43319040536880493,0.40706756711006165,0.41258251667022705,0.4388922452926636,0.4629495143890381,0.41527891159057617,0.42808568477630615,0.4371541440486908,0.44573429226875305,0.44493964314460754,0.457277774810791,0.46514588594436646,0.4742492735385895,0.4729852080345154,0.4856605529785156,0.47663414478302,0.4695770740509033,0.4959307909011841,0.5006012320518494,0.48947998881340027,0.4828750193119049,0.4772985279560089,0.4219318926334381,0.3627506494522095,0.3244227170944214,0.3041783273220062,0.3506910502910614,0.2738935053348541,0.23066867887973785,0.1971050351858139,0.35931822657585144,0.2743457853794098,0.22512207925319672,0.18685194849967957,0.373518168926239,0.30021002888679504,0.31241685152053833,0.33443483710289,0.3886984884738922,0.33497190475463867,0.34372177720069885,0.3642215430736542,3.21154004723212e-07,-0.006878654472529888,-0.014383485540747643,-0.021728303283452988,-0.028474848717451096,-0.025389308109879494,-0.03903641551733017,-0.045337334275245667,-0.04809919744729996,-0.02970748022198677,-0.04267746955156326,-0.04814285412430763,-0.05097850412130356,-0.03318021446466446,-0.04923062399029732,-0.04761116951704025,-0.04185693338513374,-0.03669643774628639,-0.046919193118810654,-0.041847437620162964,-0.034939270466566086
0.4316447377204895,0.4063434600830078,0.41248661279678345,0.43909186124801636,0.46349307894706726,0.4151039719581604,0.4272562265396118,0.4361884593963623,0.44482043385505676,0.4438836872577667,0.456991046667099,0.4643058776855469,0.47308799624443054,0.4715122878551483,0.4862927794456482,0.4750203788280487,0.46608948707580566,0.4945087432861328,0.49988335371017456,0.4881207346916199,0.48096808791160583,0.47910287976264954,0.42312514781951904,0.36314263939857483,0.3261027932167053,0.3066748082637787,0.35121557116508484,0.2754952907562256,0.2320898026227951,0.1981266885995865,0.36058616638183594,0.2751445174217224,0.2252342402935028,0.1853129267692566,0.3748060166835785,0.2990627884864807,0.31320488452911377,0.33637523651123047,0.38997164368629456,0.3337181806564331,0.34358054399490356,0.364818274974823,3.1974693115444097e-07,-0.006275405641645193,-0.013665832579135895,-0.0213630348443985,-0.028535757213830948,-0.0231963898986578,-0.03705829009413719,-0.04385542497038841,-0.04696302488446236,-0.028238847851753235,-0.04164336621761322,-0.04765307158231735,-0.05077717453241348,-0.03255342319607735,-0.049188632518053055,-0.047271519899368286,-0.04101771488785744,-0.036945804953575134,-0.047193706035614014,-0.041598133742809296,-0.03424811735749245
0.43074658513069153,0.4056038558483124,0.4121238589286804,0.4390350878238678,0.46331217885017395,0.41470545530319214,0.42737334966659546,0.43634113669395447,0.4449401795864105,0.4437693953514099,0.4568769931793213,0.46438831090927124,0.47318753600120544,0.47147732973098755,0.4857187271118164,0.4746433198451996,0.46582794189453125,0.49426427483558655,0.49950990080833435,0.48764103651046753,0.48051145672798157,0.4786115288734436,0.4222853183746338,0.36301079392433167,0.3270484209060669,0.3086318075656891,0.3512771427631378,0.27484646439552307,0.23141680657863617,0.197493314743042,0.36046743392944336,0.27453678846359253,0.2245483100414276,0.18492531776428223,0.37479573488235474,0.29985445737838745,0.31324440240859985,0.33576834201812744,0.3900992274284363,0.3345492482185364,0.3439001739025116,0.36468103528022766,3.2307843866874464e-07,-0.006367322988808155,-0.013813094235956669,-0.021444054320454597,-0.028616156429052353,-0.02433745563030243,-0.038288164883852005,-0.04501306638121605,-0.04799388721585274,-0.029169736430048943,-0.0426296666264534,-0.048586539924144745,-0.05162074789404869,-0.03315297141671181,-0.04961555823683739,-0.04779592528939247,-0.04165129363536835,-0.037180736660957336,-0.04721461981534958,-0.0415722019970417,-0.034208327531814575
0.4305538237094879,0.4053148031234741,0.41024768352508545,0.4351137578487396,0.45857372879981995,0.41335684061050415,0.4265773296356201,0.43592002987861633,0.44465890526771545,0.44253745675086975,0.4559817612171173,0.4641314148902893,0.47335928678512573,0.47038084268569946,0.48466408252716064,0.47434476017951965,0.46577873826026917,0.4933570921421051,0.49882251024246216,0.48755019903182983,0.4804152846336365,0.48115062713623047,0.42656996846199036,0.3666025698184967,0.32660573720932007,0.3044716417789459,0.35459041595458984,0.2760162353515625,0.23160772025585175,0.19711369276046753,0.3635137677192688,0.27574801445007324,0.22482514381408691,0.18449588119983673,0.3774526119232178,0.29988616704940796,0.313597708940506,0.3367936909198761,0.391931414604187,0.33493876457214355,0.34422147274017334,0.36541134119033813,3.2222038726104074e-07,-0.007149561308324337,-0.014913048595190048,-0.022712625563144684,-0.029879827052354813,-0.02525443024933338,-0.03984773904085159,-0.04684885963797569,-0.049974292516708374,-0.02987930364906788,-0.044086653739213943,-0.05022333934903145,-0.053324855864048004,-0.03373546153306961,-0.051046740263700485,-0.04898351803421974,-0.04253098741173744,-0.03769528493285179,-0.0486832894384861,-0.04321542754769325,-0.03579633682966232
0.42993900179862976,0.40397557616233826,0.41013801097869873,0.43757665157318115,0.4622430205345154,0.4126153588294983,0.4259714186191559,0.43554818630218506,0.44462355971336365,0.4422413408756256,0.4556853175163269,0.4635174870491028,0.4724961817264557,0.4702455401420593,0.48482853174209595,0.47317904233932495,0.463733047246933,0.49294471740722656,0.4979264438152313,0.4860529899597168,0.47898510098457336,0.4793041944503784,0.42306607961654663,0.3638177216053009,0.32731497287750244,0.30804604291915894,0.3541563153266907,0.2758093476295471,0.23155085742473602,0.19727285206317902,0.36357545852661133,0.27524563670158386,0.22430959343910217,0.18429329991340637,0.37720751762390137,0.2991373836994171,0.3121028244495392,0.3348277807235718,0.39122146368026733,0.3335108757019043,0.34296706318855286,0.36402201652526855,3.3826046319518355e-07,-0.006996633484959602,-0.015150954015552998,-0.023173676803708076,-0.03063373826444149,-0.02665705792605877,-0.040929242968559265,-0.04753457382321358,-0.0503389947116375,-0.031113656237721443,-0.04477689415216446,-0.05033252015709877,-0.05313645675778389,-0.03459930047392845,-0.05085919797420502,-0.04815041273832321,-0.04153250902891159,-0.03818207234144211,-0.0479014590382576,-0.04164455085992813,-0.03392304852604866
0.4294082522392273,0.40353724360466003,0.4096463918685913,0.43700066208839417,0.46163448691368103,0.4124554693698883,0.4255150556564331,0.4349006414413452,0.4439704716205597,0.44206154346466064,0.4552774131298065,0.4631296992301941,0.4722854495048523,0.46994245052337646,0.48388150334358215,0.47199153900146484,0.4624159336090088,0.4925491511821747,0.4969014823436737,0.4849391579627991,0.47780293226242065,0.47941988706588745,0.4244597554206848,0.36505937576293945,0.3273462653160095,0.30667412281036377,0.35365617275238037,0.27502134442329407,0.23063728213310242,0.19639059901237488,0.3631131052970886,0.27511340379714966,0.22398269176483154,0.18381115794181824,0.37723681330680847,0.2994893789291382,0.31286656856536865,0.33605504035949707,0.3918316066265106,0.3346173167228699,0.3439854383468628,0.3651008903980255,3.3589839176784153e-07,-0.007439552806317806,-0.015587067231535912,-0.023557940497994423,-0.03092510998249054,-0.026415716856718063,-0.04078373312950134,-0.04751390591263771,-0.05044718086719513,-0.03070325404405594,-0.044484008103609085,-0.050287965685129166,-0.05330988019704819,-0.03412593528628349,-0.050723928958177567,-0.04823252186179161,-0.04173581302165985,-0.03768113628029823,-0.048046961426734924,-0.042173415422439575,-0.03464430943131447
0.42894676327705383,0.40282249450683594,0.40937530994415283,0.4375831186771393,0.46304693818092346,0.4119587242603302,0.425178200006485,0.4347192943096161,0.44385403394699097,0.44181355834007263,0.4549011290073395,0.46315065026283264,0.4726661741733551,0.46968141198158264,0.4829009473323822,0.47125890851020813,0.4619213044643402,0.49212780594825745,0.4960686266422272,0.4843023419380188,0.4773668646812439,0.4802100360393524,0.42483675479888916,0.3651091456413269,0.32665205001831055,0.305749773979187,0.35393163561820984,0.2752843499183655,0.23045068979263306,0.195817232131958,0.3633347153663635,0.27547889947891235,0.22381547093391418,0.18319351971149445,0.37739092111587524,0.3005049526691437,0.314290314912796,0.3378039002418518,0.39191383123397827,0.33517614006996155,0.34470826387405396,0.36599311232566833,3.3756299444576143e-07,-0.00763675756752491,-0.015760697424411774,-0.023710278794169426,-0.03095257468521595,-0.0257981326431036,-0.040180858224630356,-0.04690343514084816,-0.04982491955161095,-0.030080216005444527,-0.04397755116224289,-0.04985758662223816,-0.052858754992485046,-0.03359881415963173,-0.05061275511980057,-0.048322513699531555,-0.0417582131922245,-0.0372639000415802,-0.04786789044737816,-0.042112477123737335,-0.0345819853246212
0.4284886121749878,0.4024527072906494,0.40946540236473083,0.4380830228328705,0.46347150206565857,0.41106706857681274,0.4247823655605316,0.4346403479576111,0.44397062063217163,0.44098198413848877,0.4544760286808014,0.46286413073539734,0.47241392731666565,0.4690499007701874,0.4827613830566406,0.4708234965801239,0.4612254500389099,0.491728812456131,0.49603188037872314,0.4840491712093353,0.477078914642334,0.47856584191322327,0.4228880703449249,0.36321237683296204,0.3253563344478607,0.3050301969051361,0.35334786772727966,0.27436333894729614,0.22982725501060486,0.19560161232948303,0.3631592094898224,0.2748821973800659,0.22358942031860352,0.18356256186962128,0.37714582681655884,0.3000715374946594,0.3133617043495178,0.3363724648952484,0.3912617564201355,0.33472537994384766,0.3444068729877472,0.3654608726501465,3.424031831400498e-07,-0.007830272428691387,-0.016177847981452942,-0.024179628118872643,-0.031420547515153885,-0.0268607996404171,-0.04120142385363579,-0.047689083963632584,-0.050396647304296494,-0.0309382863342762,-0.044813718646764755,-0.050453849136829376,-0.05329466238617897,-0.034166280180215836,-0.050934504717588425,-0.04845316335558891,-0.04187517613172531,-0.03754815459251404,-0.04787270724773407,-0.04199940711259842,-0.034478768706321716
0.42798781394958496,0.40220969915390015,0.4098801910877228,0.4389153718948364,0.46466755867004395,0.41088491678237915,0.42490535974502563,0.43493756651878357,0.44437339901924133,0.4408460557460785,0.4543624520301819,0.46316421031951904,0.4731181263923645,0.46890896558761597,0.48157787322998047,0.4695417881011963,0.46002501249313354,0.491512268781662,0.4949566721916199,0.48316624760627747,0.4765738248825073,0.47901761531829834,0.42423492670059204,0.36467599868774414,0.3259015679359436,0.3044429123401642,0.3530643582344055,0.27520889043807983,0.23033586144447327,0.19576436281204224,0.3625723123550415,0.27558159828186035,0.22360752522945404,0.1825500875711441,0.37651386857032776,0.3015696108341217,0.31523919105529785,0.3382321298122406,0.39078959822654724,0.3350227475166321,0.34425118565559387,0.3647547960281372,3.4327894127272884e-07,-0.007633225526660681,-0.015910832211375237,-0.02390306070446968,-0.03110341727733612,-0.026445327326655388,-0.04089859873056412,-0.047583263367414474,-0.05038915574550629,-0.03063170053064823,-0.044491637498140335,-0.05025860294699669,-0.053173817694187164,-0.03396309167146683,-0.05040886253118515,-0.04766092449426651,-0.040911246091127396,-0.037483807653188705,-0.04718077927827835,-0.04089967533946037,-0.033130694180727005
0.42818862199783325,0.40210846066474915,0.40951353311538696,0.43830937147140503,0.4637742340564728,0.4111418128013611,0.42480337619781494,0.4350159764289856,0.444830983877182,0.44111332297325134,0.45454469323158264,0.463323712348938,0.47334086894989014,0.46909865736961365,0.48181235790252686,0.46953925490379333,0.4598987102508545,0.4915294051170349,0.4947173595428467,0.48268067836761475,0.47596174478530884,0.4786338806152344,0.4240984320640564,0.3646772503852844,0.326154887676239,0.3048824071884155,0.3529965579509735,0.27386942505836487,0.22887662053108215,0.19455531239509583,0.36298224329948425,0.2746264934539795,0.22259435057640076,0.1823318898677826,0.37736234068870544,0.3005346655845642,0.31308794021606445,0.33593451976776123,0.39190787076950073,0.3353484869003296,0.3444299101829529,0.36513638496398926,3.501918683923577e-07,-0.007915865629911423,-0.01630118303000927,-0.024260323494672775,-0.03147706016898155,-0.027293475344777107,-0.041817937046289444,-0.048408038914203644,-0.051087886095047,-0.03126610442996025,-0.04524540528655052,-0.051034629344940186,-0.05391160771250725,-0.034342698752880096,-0.05110137537121773,-0.0487411729991436,-0.04220539331436157,-0.037542279809713364,-0.047817595303058624,-0.041903212666511536,-0.034290194511413574
0.427582323551178,0.401793509721756,0.409112811088562,0.4377690851688385,0.4630643427371979,0.41067934036254883,0.42479610443115234,0.4352113604545593,0.44513243436813354,0.4407326579093933,0.45456480979919434,0.4637432098388672,0.4741596281528473,0.46885502338409424,0.48139217495918274,0.4689845144748688,0.4593702554702759,0.49141961336135864,0.49439844489097595,0.4823889434337616,0.47570446133613586,0.4792194962501526,0.42437365651130676,0.36502712965011597,0.32611411809921265,0.3044081926345825,0.3535715639591217,0.27481260895729065,0.22953470051288605,0.19484864175319672,0.363567978143692,0.2753487527370453,0.22265353798866272,0.1814335286617279,0.3778655230998993,0.30102795362472534,0.3147769272327423,0.3384837508201599,0.39226168394088745,0.3357839286327362,0.34493348002433777,0.3656858503818512,3.5239187923252757e-07,-0.008029798045754433,-0.016498470678925514,-0.024662913754582405,-0.031974226236343384,-0.026876192539930344,-0.04168355464935303,-0.04848018288612366,-0.05128641799092293,-0.0309614147990942,-0.045287005603313446,-0.051189620047807693,-0.054103199392557144,-0.03424261510372162,-0.051345426589250565,-0.04873399809002876,-0.04186428338289261,-0.037721261382102966,-0.04805847629904747,-0.04203193634748459,-0.03428523615002632
0.42789846658706665,0.4014829099178314,0.4090626835823059,0.4381750822067261,0.4639439284801483,0.4102468490600586,0.42497771978378296,0.435696005821228,0.4456154704093933,0.4404754340648651,0.45428523421287537,0.4638884365558624,0.47435063123703003,0.4686245918273926,0.4799400269985199,0.4686722755432129,0.45984089374542236,0.4912163019180298,0.49380892515182495,0.48240992426872253,0.47600269317626953,0.47878897190093994,0.4247126281261444,0.3652758300304413,0.3254085183143616,0.30281925201416016,0.3534303605556488,0.2735511064529419,0.22772295773029327,0.19260528683662415,0.36361873149871826,0.2746691107749939,0.22169794142246246,0.18074503540992737,0.3779797852039337,0.30244410037994385,0.31591957807540894,0.3393327295780182,0.39214617013931274,0.33559659123420715,0.34507423639297485,0.36597564816474915,3.6052239238415495e-07,-0.008346149697899818,-0.01707036979496479,-0.025267133489251137,-0.03263312205672264,-0.028385447338223457,-0.04335125908255577,-0.04992103576660156,-0.052405137568712234,-0.032174598425626755,-0.046624600887298584,-0.05221971124410629,-0.0547809824347496,-0.03507276624441147,-0.052250076085329056,-0.04955040290951729,-0.042489565908908844,-0.038119010627269745,-0.04831867665052414,-0.0420464351773262,-0.03405063971877098
0.4270736575126648,0.4014679491519928,0.410273015499115,0.4400841295719147,0.4657364785671234,0.4098481833934784,0.42497777938842773,0.4359733760356903,0.44608378410339355,0.43978723883628845,0.4544239640235901,0.464047372341156,0.4745034873485565,0.4678565263748169,0.4805581271648407,0.4682091474533081,0.45866942405700684,0.4903208613395691,0.4935288727283478,0.48136821389198303,0.4747820198535919,0.47759658098220825,0.42359620332717896,0.3638961911201477,0.32461804151535034,0.302310585975647,0.35268422961235046,0.2721193730831146,0.2259419709444046,0.19080504775047302,0.363508015871048,0.2730545103549957,0.21970221400260925,0.1780078113079071,0.3782753646373749,0.29904696345329285,0.31359171867370605,0.33785542845726013,0.3928995430469513,0.3347925543785095,0.3444836139678955,0.3655965030193329,3.725396879872278e-07,-0.008191748522222042,-0.017031168565154076,-0.02537483535706997,-0.032908905297517776,-0.029254192486405373,-0.044348642230033875,-0.050938934087753296,-0.05342840403318405,-0.03327798470854759,-0.047644682228565216,-0.052938882261514664,-0.055406369268894196,-0.03632468730211258,-0.05319022387266159,-0.04957256466150284,-0.04207564890384674,-0.039572715759277344,-0.049550045281648636,-0.04278676584362984,-0.03455086052417755
0.4271007478237152,0.40128472447395325,0.4093983471393585,0.4389185309410095,0.4652710556983948,0.40813007950782776,0.4241477847099304,0.43592017889022827,0.4462413489818573,0.4382705092430115,0.45298609137535095,0.463512659072876,0.47418373823165894,0.46671050786972046,0.47780877351760864,0.46667760610580444,0.4578077793121338,0.48952990770339966,0.49235767126083374,0.4807562232017517,0.47403234243392944,0.4766765832901001,0.424996018409729,0.36489981412887573,0.3232070505619049,0.2991935610771179,0.3544558882713318,0.27059268951416016,0.2224425971508026,0.1857297420501709,0.3654685616493225,0.27159732580184937,0.21624453365802765,0.17332002520561218,0.3797852396965027,0.301194965839386,0.3163910508155823,0.3411405682563782,0.39317265152931213,0.33354899287223816,0.34380626678466797,0.36577948927879333,3.868927080930007e-07,-0.009099484421312809,-0.01860768347978592,-0.027428852394223213,-0.03535997495055199,-0.0318741649389267,-0.04790300875902176,-0.054482609033584595,-0.05664873868227005,-0.03562472015619278,-0.051009226590394974,-0.056214023381471634,-0.05828738585114479,-0.03837280347943306,-0.05653441324830055,-0.05301441624760628,-0.04498380795121193,-0.04129999503493309,-0.05201943218708038,-0.045218732208013535,-0.03665182366967201
0.42635205388069153,0.39927616715431213,0.4069380760192871,0.43756383657455444,0.4645218253135681,0.40592825412750244,0.42319145798683167,0.43535125255584717,0.4461223781108856,0.43681997060775757,0.45288217067718506,0.4637424051761627,0.47476282715797424,0.465464323759079,0.4768376648426056,0.4646775722503662,0.4555214047431946,0.48799216747283936,0.4903447926044464,0.47820550203323364,0.47172510623931885,0.4756162762641907,0.4238205850124359,0.36446306109428406,0.3242306411266327,0.30183422565460205,0.3536144196987152,0.2696196436882019,0.2213682234287262,0.18472406268119812,0.3645985424518585,0.2697349786758423,0.21341769397258759,0.17001913487911224,0.3786863088607788,0.29983043670654297,0.3148236870765686,0.33983901143074036,0.39209118485450745,0.33238184452056885,0.3422366976737976,0.3640582859516144,4.22207165229338e-07,-0.009230582974851131,-0.019354116171598434,-0.028615882620215416,-0.03707999736070633,-0.03408847376704216,-0.0501919724047184,-0.05667942762374878,-0.05866101011633873,-0.03763367980718613,-0.052650921046733856,-0.0573321096599102,-0.05908750742673874,-0.03998911753296852,-0.05717819556593895,-0.05289864540100098,-0.04452933743596077,-0.042538076639175415,-0.05211566388607025,-0.044452693313360214,-0.03537504002451897
0.4239085614681244,0.39586055278778076,0.4015718698501587,0.4312468469142914,0.45848172903060913,0.40038031339645386,0.4196055233478546,0.4322643280029297,0.4432033896446228,0.43138810992240906,0.44769051671028137,0.45931366086006165,0.47104737162590027,0.4603312313556671,0.4714616537094116,0.4599725604057312,0.4514232873916626,0.48323163390159607,0.4843180775642395,0.4729762375354767,0.46719473600387573,0.47477418184280396,0.42491215467453003,0.3653435707092285,0.32314756512641907,0.2994363009929657,0.3555201292037964,0.26949045062065125,0.2202647179365158,0.18251697719097137,0.36677226424217224,0.2691340446472168,0.2118111550807953,0.16781356930732727,0.38025039434432983,0.2997884750366211,0.3145553767681122,0.3399468660354614,0.3924277126789093,0.33009156584739685,0.33902740478515625,0.3607146441936493,4.408180416248797e-07,-0.01023152656853199,-0.021281013265252113,-0.031065240502357483,-0.040067434310913086,-0.03846361115574837,-0.05531846731901169,-0.06188465654850006,-0.06388337910175323,-0.04148933291435242,-0.05689356476068497,-0.061061061918735504,-0.06264368444681168,-0.04320099204778671,-0.060290541499853134,-0.055529508739709854,-0.04696139320731163,-0.04517808184027672,-0.05500338226556778,-0.04759371653199196,-0.03871592506766319
0.41898518800735474,0.38814693689346313,0.3913160264492035,0.4186032712459564,0.4458933174610138,0.3944084942340851,0.4146518111228943,0.4268474280834198,0.4377968907356262,0.4260336756706238,0.44270068407058716,0.4536440074443817,0.4652729034423828,0.4551534056663513,0.4640516936779022,0.4523322880268097,0.4450148344039917,0.4778587222099304,0.4775708317756653,0.46566128730773926,0.460465669631958,0.4709371030330658,0.4233706593513489,0.3629423975944519,0.317818284034729,0.2917366325855255,0.3574438989162445,0.26722854375839233,0.2173357605934143,0.1794397234916687,0.3698558211326599,0.26773521304130554,0.20937731862068176,0.16509467363357544,0.38290196657180786,0.2963680326938629,0.3100547194480896,0.33526214957237244,0.3935484290122986,0.32717660069465637,0.3355569839477539,0.3570995628833771,4.7465948682656744e-07,-0.011886155232787132,-0.02445857971906662,-0.034905631095170975,-0.04462737962603569,-0.045169293880462646,-0.062156639993190765,-0.06808347254991531,-0.0696667954325676,-0.0468146875500679,-0.062281347811222076,-0.06538894027471542,-0.06651240587234497,-0.04676370695233345,-0.0628763809800148,-0.05670755356550217,-0.04775441437959671,-0.04700805991888046,-0.056924253702163696,-0.049453116953372955,-0.04074518010020256
0.40773075819015503,0.37538546323776245,0.3659036457538605,0.3707284927368164,0.38071638345718384,0.39304548501968384,0.4095851182937622,0.41799160838127136,0.42443642020225525,0.4229710102081299,0.43586763739585876,0.4441992938518524,0.45233795046806335,0.4491351246833801,0.4530368149280548,0.44112628698349,0.4339063763618469,0.46814167499542236,0.46555790305137634,0.4545753002166748,0.45066574215888977,0.4693865180015564,0.4286564588546753,0.3712958097457886,0.32446184754371643,0.2936001420021057,0.3577311336994171,0.2697050869464874,0.22187557816505432,0.18549634516239166,0.36816027760505676,0.2674994468688965,0.2115914672613144,0.16906724870204926,0.38050711154937744,0.2960076332092285,0.3088826537132263,0.33231931924819946,0.392197847366333,0.32899487018585205,0.33816835284233093,0.35940128564834595,4.040525993787014e-07,-0.00963941402733326,-0.019388949498534203,-0.027208972722291946,-0.03465677425265312,-0.040299974381923676,-0.05524837225675583,-0.05988525599241257,-0.060381773859262466,-0.04138730466365814,-0.054585907608270645,-0.05644217133522034,-0.056304771453142166,-0.04048044979572296,-0.05493708327412605,-0.04801294580101967,-0.03838564455509186,-0.03952367231249809,-0.0489039309322834,-0.0407758504152298,-0.031115733087062836
0.3971952199935913,0.36180824041366577,0.34467577934265137,0.3478086292743683,0.3679814338684082,0.37453484535217285,0.39230164885520935,0.39921870827674866,0.4048353135585785,0.40806615352630615,0.41840681433677673,0.4214760959148407,0.4248536229133606,0.4359934329986572,0.43600380420684814,0.422181099653244,0.4135798215866089,0.4554046094417572,0.4483790993690491,0.4350857734680176,0.42840084433555603,0.46337053179740906,0.42156076431274414,0.36259493231773376,0.31223493814468384,0.2862923741340637,0.35891878604888916,0.26850003004074097,0.2209388166666031,0.18480634689331055,0.37014317512512207,0.27020758390426636,0.2175510823726654,0.1771455854177475,0.3802250623703003,0.2871331572532654,0.292754203081131,0.3130573034286499,0.386058509349823,0.3164767324924469,0.3168489634990692,0.33267149329185486,3.1016418233775767e-07,-0.015566683374345303,-0.02917313575744629,-0.03988366946578026,-0.049564652144908905,-0.046323321759700775,-0.061940643936395645,-0.06577622145414352,-0.06613334268331528,-0.04500000551342964,-0.05895615369081497,-0.05980933457612991,-0.05942220985889435,-0.04240426793694496,-0.05839531868696213,-0.05342261865735054,-0.045355480164289474,-0.04016720876097679,-0.052245233207941055,-0.048503004014492035,-0.04218161851167679
0.3794494867324829,0.345134973526001,0.3265397548675537,0.3304217457771301,0.3534937798976898,0.3530287444591522,0.3709946870803833,0.37863874435424805,0.38467666506767273,0.3853856027126312,0.3926311433315277,0.39138296246528625,0.3902963697910309,0.4136947989463806,0.4118627607822418,0.3993724584579468,0.39112213253974915,0.4350508451461792,0.42514535784721375,0.4116766154766083,0.4048321843147278,0.4609223008155823,0.4190565347671509,0.356536865234375,0.3026374876499176,0.2792571485042572,0.3563106954097748,0.2711688280105591,0.223570317029953,0.18604238331317902,0.364702969789505,0.2733696699142456,0.2260046899318695,0.18985800445079803,0.37161925435066223,0.2836304008960724,0.28801771998405457,0.30804118514060974,0.37466108798980713,0.3067992329597473,0.3027341663837433,0.3143238425254822,2.7330739271747007e-07,-0.014860055409371853,-0.026721810922026634,-0.03617643192410469,-0.044398777186870575,-0.0400175005197525,-0.054707273840904236,-0.059548184275627136,-0.06182277575135231,-0.03896160423755646,-0.05409630760550499,-0.05705994367599487,-0.05822443962097168,-0.036935679614543915,-0.05420096218585968,-0.05163620039820671,-0.04509775713086128,-0.035310447216033936,-0.04913096874952316,-0.04868445545434952,-0.044828735291957855
0.35994505882263184,0.32322144508361816,0.3037799894809723,0.30938807129859924,0.3329162895679474,0.33015522360801697,0.3445473611354828,0.34454143047332764,0.344978928565979,0.3627217710018158,0.36582502722740173,0.3587179481983185,0.3540695607662201,0.39063194394111633,0.38721731305122375,0.3761656582355499,0.36996790766716003,0.4128074049949646,0.4005049169063568,0.3883586525917053,0.3845140337944031,0.4491809904575348,0.4057033658027649,0.33897045254707336,0.2830130159854889,0.2578773498535156,0.3465573191642761,0.26607799530029297,0.22162467241287231,0.18786433339118958,0.35281622409820557,0.2630610764026642,0.2665901780128479,0.28918811678886414,0.35724908113479614,0.2702433466911316,0.2810537815093994,0.30795466899871826,0.35752224922180176,0.2946234941482544,0.3004530072212219,0.3213232159614563,7.14280403713019e-08,-0.011115754023194313,-0.019575050100684166,-0.025699328631162643,-0.030392318964004517,-0.028014667332172394,-0.037132248282432556,-0.03872682526707649,-0.04013337194919586,-0.02848987467586994,-0.044702962040901184,-0.04615920037031174,-0.04339178279042244,-0.02791382372379303,-0.04108605161309242,-0.03564424067735672,-0.028127731755375862,-0.027790851891040802,-0.03686557710170746,-0.0342719741165638,-0.0300773736089468
0.341321736574173,0.3039107918739319,0.27764004468917847,0.27102169394493103,0.27048349380493164,0.30407029390335083,0.3125450909137726,0.3105241358280182,0.3079020082950592,0.33620551228523254,0.3380987048149109,0.33285683393478394,0.330652117729187,0.36423027515411377,0.3600456714630127,0.3514006733894348,0.3483886420726776,0.38721713423728943,0.3746977746486664,0.3625839650630951,0.3585526943206787,0.4430353045463562,0.40565019845962524,0.345760315656662,0.2960471510887146,0.26455941796302795,0.34251463413238525,0.26430273056030273,0.2231106162071228,0.19148850440979004,0.34656453132629395,0.26205092668533325,0.27100080251693726,0.29553425312042236,0.34940066933631897,0.26621314883232117,0.27778005599975586,0.3034125566482544,0.34938862919807434,0.2867347002029419,0.2880741357803345,0.3044787347316742,2.019806366604371e-08,-0.008168607950210571,-0.01436614990234375,-0.01961621828377247,-0.023663023486733437,-0.022976478561758995,-0.03200453892350197,-0.033616792410612106,-0.03422815725207329,-0.025185750797390938,-0.04232644662261009,-0.04449240863323212,-0.04116123914718628,-0.026527361944317818,-0.039887286722660065,-0.03532082214951515,-0.027794668450951576,-0.028116922825574875,-0.03657834231853485,-0.0339290127158165,-0.029312802478671074
0.3159993588924408,0.2743041515350342,0.2416057288646698,0.2322770059108734,0.23141434788703918,0.27800795435905457,0.27746692299842834,0.27130359411239624,0.26523253321647644,0.3097096383571625,0.3002967834472656,0.2883051335811615,0.2788848578929901,0.336296409368515,0.32361042499542236,0.30832725763320923,0.29764655232429504,0.3578529953956604,0.3404982089996338,0.3250845670700073,0.31617167592048645,0.4309716820716858,0.3987942337989807,0.3399374186992645,0.28528010845184326,0.25040754675865173,0.33301711082458496,0.2577683925628662,0.2200593501329422,0.19327996671199799,0.33295881748199463,0.2553507685661316,0.22671763598918915,0.21372024714946747,0.3316270112991333,0.25248515605926514,0.23560944199562073,0.23750180006027222,0.3284923732280731,0.2652713656425476,0.25121375918388367,0.253517210483551,1.0683371698405608e-07,-0.010519774630665779,-0.016912437975406647,-0.02115296572446823,-0.023706138134002686,-0.023914946243166924,-0.031409185379743576,-0.03263199329376221,-0.03293265029788017,-0.023582041263580322,-0.03120449185371399,-0.031001253053545952,-0.030397828668355942,-0.023071633651852608,-0.03107006475329399,-0.028000986203551292,-0.024176647886633873,-0.023083511739969254,-0.030361896380782127,-0.02883906289935112,-0.025811070576310158
0.29232117533683777,0.2472640722990036,0.2106575071811676,0.19741739332675934,0.19402456283569336,0.24567165970802307,0.24019445478916168,0.23315811157226562,0.22554606199264526,0.27869468927383423,0.26194238662719727,0.24768826365470886,0.2355557233095169,0.30598798394203186,0.28594496846199036,0.26955199241638184,0.25720611214637756,0.32759910821914673,0.3056384027004242,0.28966793417930603,0.2795085608959198,0.42196768522262573,0.39638635516166687,0.3439088463783264,0.2905254364013672,0.2542250454425812,0.3294559419155121,0.25619927048683167,0.21688418090343475,0.18932706117630005,0.32388216257095337,0.2522537112236023,0.22158414125442505,0.2060839831829071,0.3196101784706116,0.2475048154592514,0.2265239953994751,0.22382676601409912,0.3159075379371643,0.25848227739334106,0.24143919348716736,0.23972360789775848,9.502542752670706e-08,-0.012145297601819038,-0.019466819241642952,-0.023941533640027046,-0.02708614617586136,-0.029938271269202232,-0.03894784674048424,-0.0409473218023777,-0.04156545549631119,-0.028771432116627693,-0.03689087554812431,-0.03716682270169258,-0.03706454113125801,-0.02718409150838852,-0.035379622131586075,-0.0330529622733593,-0.0300250593572855,-0.026097020134329796,-0.03376300632953644,-0.03261331841349602,-0.02974131517112255
0.26358145475387573,0.21721072494983673,0.17719116806983948,0.15854835510253906,0.1505526900291443,0.21206921339035034,0.20138207077980042,0.19138161838054657,0.18183164298534393,0.24398170411586761,0.22453947365283966,0.20902776718139648,0.19624954462051392,0.27146604657173157,0.2503001093864441,0.23469847440719604,0.22380055487155914,0.2946086525917053,0.2737211287021637,0.2586870789527893,0.24974744021892548,0.413399338722229,0.3921504318714142,0.34293681383132935,0.2932552993297577,0.25767338275909424,0.31839215755462646,0.24766744673252106,0.21069644391536713,0.18518021702766418,0.3109413981437683,0.24263757467269897,0.21212314069271088,0.195820152759552,0.30656588077545166,0.2375507950782776,0.21710115671157837,0.2136058807373047,0.304266095161438,0.24896258115768433,0.23073172569274902,0.2267475724220276,1.2481844180456392e-07,-0.011891825124621391,-0.018277039751410484,-0.02198025956749916,-0.024265794083476067,-0.025452734902501106,-0.03302328661084175,-0.03473006188869476,-0.03530249744653702,-0.02456749603152275,-0.031181277707219124,-0.03154613450169563,-0.03154981881380081,-0.02355736866593361,-0.030662523582577705,-0.028019322082400322,-0.02487105131149292,-0.023129379376769066,-0.030125059187412262,-0.028314046561717987,-0.024915743619203568
0.23649200797080994,0.18762420117855072,0.1422889232635498,0.11841866374015808,0.1049048975110054,0.17881068587303162,0.16618432104587555,0.15586049854755402,0.14554283022880554,0.2114546000957489,0.1892148107290268,0.1739947497844696,0.1619344800710678,0.23960188031196594,0.21532908082008362,0.19997389614582062,0.18950295448303223,0.26406073570251465,0.2420908510684967,0.22605420649051666,0.21503755450248718,0.4118310809135437,0.3941640257835388,0.34615376591682434,0.29673537611961365,0.2626659870147705,0.3192005753517151,0.24533885717391968,0.20709389448165894,0.1811678260564804,0.3080974519252777,0.2373003512620926,0.20965492725372314,0.19693656265735626,0.301266610622406,0.23335853219032288,0.2113766372203827,0.20594388246536255,0.29785433411598206,0.24422109127044678,0.22329050302505493,0.2156386375427246,1.3852097424660315e-07,-0.013472449965775013,-0.021527055650949478,-0.026259539648890495,-0.029346659779548645,-0.029937509447336197,-0.037857137620449066,-0.038931239396333694,-0.03900199756026268,-0.028032295405864716,-0.03406837582588196,-0.03253277763724327,-0.03109890967607498,-0.02585458941757679,-0.03126528859138489,-0.02635948918759823,-0.02208137884736061,-0.02443866990506649,-0.029731467366218567,-0.026692017912864685,-0.022649236023426056
0.20827578008174896,0.16064468026161194,0.11485662311315536,0.08780285716056824,0.07094721496105194,0.14832644164562225,0.13163429498672485,0.12152741849422455,0.11269604414701462,0.17791712284088135,0.15696975588798523,0.14515390992164612,0.13637058436870575,0.20549799501895905,0.18427789211273193,0.17163562774658203,0.16358432173728943,0.23174014687538147,0.21154692769050598,0.19779565930366516,0.18867170810699463,0.40885522961616516,0.39130330085754395,0.3450354039669037,0.29738524556159973,0.258500874042511,0.3133908808231354,0.2442634105682373,0.2092362940311432,0.1868099868297577,0.30167773365974426,0.23591867089271545,0.20940832793712616,0.1954605132341385,0.29423999786376953,0.22982627153396606,0.20859244465827942,0.20012342929840088,0.2895384132862091,0.23529621958732605,0.21712744235992432,0.2096257209777832,1.2473404353841033e-07,-0.011309165507555008,-0.017995532602071762,-0.02226930670440197,-0.02479936182498932,-0.020680055022239685,-0.0273426603525877,-0.028322722762823105,-0.02808026783168316,-0.01954595185816288,-0.02385859191417694,-0.022740615531802177,-0.02183801494538784,-0.018619906157255173,-0.02275901287794113,-0.017710817977786064,-0.013516048900783062,-0.018374411389231682,-0.021784543991088867,-0.01732032187283039,-0.012609917670488358
0.19006922841072083,0.1423407346010208,0.09944277256727219,0.07688160985708237,0.06930515170097351,0.12642362713813782,0.1075386255979538,0.09840793907642365,0.0976414754986763,0.15996034443378448,0.13262949883937836,0.12316430360078812,0.12447446584701538,0.18756043910980225,0.1604491025209427,0.15125787258148193,0.1528661847114563,0.20971541106700897,0.18533459305763245,0.1763811856508255,0.17775626480579376,0.3957560062408447,0.3889025151729584,0.3513103723526001,0.3037174642086029,0.26077452301979065,0.30452418327331543,0.22109270095825195,0.22123220562934875,0.23750513792037964,0.2893106937408447,0.20953963696956635,0.21617214381694794,0.23622983694076538,0.28166458010673523,0.20873890817165375,0.2181817591190338,0.2388305366039276,0.27855098247528076,0.2242666482925415,0.23147962987422943,0.25044241547584534,-4.543391796119067e-08,-0.011777195148169994,-0.02117782272398472,-0.02803128771483898,-0.03201912343502045,-0.02886555716395378,-0.039878249168395996,-0.04123391956090927,-0.0391843356192112,-0.02749742940068245,-0.03430907055735588,-0.03159688785672188,-0.028329871594905853,-0.025956042110919952,-0.030727984383702278,-0.022795116528868675,-0.016364723443984985,-0.024910273030400276,-0.028548013418912888,-0.021823763847351074,-0.015131054446101189
0.1805507242679596,0.12935693562030792,0.09017805755138397,0.07249754667282104,0.07346543669700623,0.12456898391246796,0.096854068338871,0.0761713832616806,0.06519299745559692,0.1557186394929886,0.11837442964315414,0.10083310306072235,0.09935018420219421,0.1802676022052765,0.14278466999530792,0.127037912607193,0.1277378797531128,0.19810348749160767,0.16797944903373718,0.1535835564136505,0.15344560146331787,0.4060410261154175,0.3959941267967224,0.3548192083835602,0.3024642765522003,0.2613154351711273,0.3108977675437927,0.22702182829380035,0.20488408207893372,0.20146307349205017,0.2958647906780243,0.21459227800369263,0.22319814562797546,0.24312637746334076,0.28795257210731506,0.20963618159294128,0.22277376055717468,0.24597512185573578,0.28460362553596497,0.22643139958381653,0.23328951001167297,0.25164204835891724,-7.25805548995595e-08,-0.011305809952318668,-0.02160913683474064,-0.029597889631986618,-0.03566596284508705,-0.03126443549990654,-0.04448199272155762,-0.04697590321302414,-0.045664798468351364,-0.030628344044089317,-0.04282113537192345,-0.039176568388938904,-0.033393554389476776,-0.029801977798342705,-0.03951823338866234,-0.030156243592500687,-0.020659346133470535,-0.029547253623604774,-0.03645588457584381,-0.02987499348819256,-0.02209482714533806
0.1722463220357895,0.11891686916351318,0.08446449041366577,0.06881846487522125,0.06363706290721893,0.12484105676412582,0.09715677052736282,0.07389162480831146,0.05756925046443939,0.1556694060564041,0.11777468770742416,0.09075906872749329,0.0768992230296135,0.17727425694465637,0.1382361203432083,0.11352603882551193,0.10364016890525818,0.1904463917016983,0.1560535579919815,0.1338193267583847,0.12436467409133911,0.41040948033332825,0.3961981236934662,0.3496818244457245,0.29613804817199707,0.2553907036781311,0.31348735094070435,0.23051172494888306,0.20751526951789856,0.20228534936904907,0.2994881868362427,0.2171175479888916,0.21177121996879578,0.22050070762634277,0.2916445732116699,0.21468649804592133,0.21762916445732117,0.23186126351356506,0.28940436244010925,0.2323867678642273,0.23138293623924255,0.2419540286064148,-9.449006199702126e-08,-0.014505802653729916,-0.025073260068893433,-0.031584884971380234,-0.0358140803873539,-0.03927955403923988,-0.0522429458796978,-0.053563401103019714,-0.05117308348417282,-0.03538070619106293,-0.04608182981610298,-0.04104091227054596,-0.03515847027301788,-0.030953163281083107,-0.039272796362638474,-0.028958478942513466,-0.019361183047294617,-0.027265772223472595,-0.0331844836473465,-0.026287490501999855,-0.018641812726855278
0.16691018640995026,0.1158868595957756,0.08256243914365768,0.06549762934446335,0.05555714666843414,0.12461493909358978,0.09838467836380005,0.07499738037586212,0.058340348303318024,0.15473514795303345,0.11639326065778732,0.08863681554794312,0.07409652322530746,0.17430637776851654,0.13423649966716766,0.10739846527576447,0.0940721333026886,0.18509386479854584,0.14951173961162567,0.12558071315288544,0.11198143661022186,0.4134686291217804,0.3995150923728943,0.35298919677734375,0.3034643530845642,0.2653842866420746,0.3162135183811188,0.23253712058067322,0.21003669500350952,0.2051892876625061,0.3023729920387268,0.22106999158859253,0.21294468641281128,0.21990136802196503,0.2941668927669525,0.22047185897827148,0.2172989547252655,0.225660040974617,0.2909083068370819,0.2371155023574829,0.2302786409854889,0.23479095101356506,-1.4515927659886074e-07,-0.014967805705964565,-0.02485756203532219,-0.0306853074580431,-0.03410453349351883,-0.03857811540365219,-0.05211442708969116,-0.05392388254404068,-0.05165135860443115,-0.03396892920136452,-0.04569566994905472,-0.04169902950525284,-0.036226313561201096,-0.029078131541609764,-0.0384162962436676,-0.030094148591160774,-0.021658670157194138,-0.02485617808997631,-0.03182366490364075,-0.02695244364440441,-0.02069820836186409
0.16277146339416504,0.1122189462184906,0.07807711511850357,0.059438399970531464,0.04293185472488403,0.1198590099811554,0.09795858711004257,0.07555554807186127,0.0616709366440773,0.15092143416404724,0.11483829468488693,0.09315226972103119,0.08644498139619827,0.17128805816173553,0.13198614120483398,0.11236362159252167,0.10763174295425415,0.18349727988243103,0.1472446173429489,0.13002054393291473,0.12470833212137222,0.409294068813324,0.3987628221511841,0.3582073748111725,0.31012874841690063,0.2736426293849945,0.321135550737381,0.23373505473136902,0.214136004447937,0.2141871452331543,0.3074505627155304,0.22364011406898499,0.22600622475147247,0.2417348176240921,0.29937830567359924,0.22959604859352112,0.2365054041147232,0.25103530287742615,0.2947036027908325,0.24561358988285065,0.25034648180007935,0.26312777400016785,-1.590237417303797e-07,-0.0159741323441267,-0.027658110484480858,-0.03535781428217888,-0.040941353887319565,-0.040548745542764664,-0.056169670075178146,-0.059760816395282745,-0.058509159833192825,-0.036262355744838715,-0.04843199625611305,-0.04509810358285904,-0.04048396646976471,-0.03181803971529007,-0.04056377336382866,-0.03201790899038315,-0.02445000782608986,-0.028154170140624046,-0.03412031754851341,-0.028249258175492287,-0.022077327594161034
0.16176654398441315,0.11454693228006363,0.07920308411121368,0.05663412809371948,0.03667428344488144,0.12397604435682297,0.102114737033844,0.08022643625736237,0.06584519147872925,0.15384314954280853,0.11850040405988693,0.09530271589756012,0.08343158662319183,0.17255757749080658,0.13299311697483063,0.11067049205303192,0.09990198165178299,0.18348780274391174,0.1466122418642044,0.1266489028930664,0.1156846284866333,0.41308096051216125,0.40029871463775635,0.36283960938453674,0.3164772093296051,0.27904847264289856,0.32606086134910583,0.24223864078521729,0.21766363084316254,0.21347740292549133,0.31211215257644653,0.23158010840415955,0.22250902652740479,0.2297423779964447,0.30253174901008606,0.23871780931949615,0.2356855869293213,0.2429363876581192,0.29593050479888916,0.2538888454437256,0.2519545555114746,0.25691065192222595,-8.827050379522916e-08,-0.020448187366127968,-0.0352436862885952,-0.04485946148633957,-0.05184425041079521,-0.04568486660718918,-0.06060094013810158,-0.06314252316951752,-0.061285752803087234,-0.03863687440752983,-0.05008287727832794,-0.04607104882597923,-0.041079625487327576,-0.03147604689002037,-0.03926829248666763,-0.03037911094725132,-0.02265065722167492,-0.02547284960746765,-0.03161013498902321,-0.026424823328852654,-0.020460132509469986
0.1608908474445343,0.11592862010002136,0.07992644608020782,0.05571623146533966,0.03587158024311066,0.1270827203989029,0.10508952289819717,0.08490824699401855,0.0702221468091011,0.15660862624645233,0.12018299847841263,0.09762321412563324,0.0854450911283493,0.17495524883270264,0.13467323780059814,0.11290720850229263,0.10209902375936508,0.1851375699043274,0.14740292727947235,0.12763825058937073,0.11688461899757385,0.41269296407699585,0.39842694997787476,0.35952228307724,0.3142988979816437,0.2767232060432434,0.32573506236076355,0.24749094247817993,0.22003191709518433,0.21018144488334656,0.31186535954475403,0.2347460687160492,0.22527261078357697,0.23099853098392487,0.3020033836364746,0.24053338170051575,0.2363603115081787,0.24225814640522003,0.29507696628570557,0.25367963314056396,0.25176453590393066,0.2569541037082672,-1.001232661224094e-07,-0.02027520164847374,-0.03444630652666092,-0.04346774145960808,-0.04992138221859932,-0.04309038445353508,-0.05652879923582077,-0.05847226083278656,-0.05689927190542221,-0.03622426837682724,-0.04789891093969345,-0.04483957216143608,-0.040355145931243896,-0.029172876849770546,-0.037951547652482986,-0.029963215813040733,-0.022425038740038872,-0.023177748546004295,-0.02984003536403179,-0.024822218343615532,-0.01885521225631237
